{"cameraMode":{"drawMode":0,"name":"Shaded","section":"Shading Mode"},"sceneLighting":true,"audioPlay":false,"sceneViewState":{"showFog":true,"showMaterialUpdate":false,"showSkybox":true,"showFlares":true,"showImageEffects":true,"showParticleSystems":true},"in2DMode":false,"pivot":{"x":0.9397937059402466,"y":0.81829434633255,"z":1.7533018589019776},"rotation":{"x":-0.2911634147167206,"y":0.5276904106140137,"z":-0.19881118834018708,"w":-0.7728186845779419},"size":12.926007270812989,"orthographic":false}